url_length,num_dots,has_ip,has_at,has_punycode,num_params,entropy,https_flag,host_length,path_length,query_length,subdomain_count,suspicious_word_count,digit_count,special_char_count,dash_count,slash_count,dot_count_total,suspicious_tld,digit_ratio,special_ratio,domain_repeat,label
22,1,0,0,0,0,4.004886164091843,1,14,0,0,0,0,0,0,0,2,1,0,0.0,0.0,1,0
33,2,0,0,0,0,3.919563347274704,1,24,1,0,1,0,0,3,3,3,2,0,0.0,0.09090909090909091,1,1
37,2,0,0,0,1,4.648510460165072,1,24,1,3,1,0,8,3,1,3,2,0,0.21621621621621623,0.08108108108108109,1,1
15,1,0,0,0,0,3.3735572622751855,1,7,0,0,0,0,0,0,0,2,1,0,0.0,0.0,1,0
55,1,0,0,0,0,4.104290059751433,0,33,15,0,0,2,0,2,2,4,1,1,0.0,0.03636363636363636,1,1
17,1,0,0,0,0,3.7345216647797517,1,9,0,0,0,0,0,0,0,2,1,0,0.0,0.0,1,0
27,1,0,0,0,0,3.6521305573183818,0,20,0,0,0,0,1,3,3,2,1,0,0.037037037037037035,0.1111111111111111,1,1
22,1,0,0,0,0,3.823067982273661,1,14,0,0,0,0,0,0,0,2,1,0,0.0,0.0,1,0
50,1,0,0,0,0,4.143465189601647,0,28,15,0,0,3,0,2,2,4,1,1,0.0,0.04,1,1
49,1,0,0,0,0,4.3131907112413845,0,27,15,0,0,4,0,2,2,4,1,1,0.0,0.04081632653061224,1,1
18,1,0,0,0,0,3.836591668108979,1,10,0,0,0,0,2,0,0,2,1,1,0.1111111111111111,0.0,1,0
18,1,0,0,0,0,3.7254805569978684,1,10,0,0,0,0,0,0,0,2,1,0,0.0,0.0,1,0
33,2,0,0,0,0,3.9653141049815805,0,26,0,0,1,0,0,1,1,2,2,0,0.0,0.030303030303030304,1,1
53,2,0,0,0,1,4.237472936455823,1,15,20,9,1,0,0,2,0,4,3,0,0.0,0.03773584905660377,1,0
37,0,0,0,0,0,4.121219243831912,1,23,0,0,0,0,8,0,0,2,0,0,0.21621621621621623,0.0,1,1
40,1,0,0,0,0,4.156198332810095,0,27,6,0,0,3,0,2,2,3,1,1,0.0,0.05,1,1
17,1,0,0,0,0,3.6168746059562222,1,9,0,0,0,0,0,0,0,2,1,0,0.0,0.0,1,0
36,1,0,0,0,0,4.086048612313038,0,23,6,0,0,3,0,2,2,3,1,1,0.0,0.05555555555555555,1,1
19,1,0,0,0,0,3.2608281712244556,1,11,0,0,0,0,0,0,0,2,1,0,0.0,0.0,1,0
32,1,0,0,0,0,4.030639062229566,1,23,1,0,0,0,0,1,1,3,1,0,0.0,0.03125,1,1
42,1,0,0,0,0,4.111973672521205,0,29,6,0,0,2,0,2,2,3,1,1,0.0,0.047619047619047616,1,1
40,1,0,0,0,0,4.258694969562842,0,26,7,0,0,3,0,2,2,3,1,1,0.0,0.05,1,1
35,2,0,0,0,0,4.050013373778756,1,16,11,0,1,0,0,0,0,4,2,0,0.0,0.0,1,0
37,2,0,0,0,0,4.317033095124791,1,28,1,0,1,0,5,2,2,3,2,0,0.13513513513513514,0.05405405405405406,1,1
37,0,0,0,0,0,3.979459446593087,1,23,0,0,0,0,8,0,0,2,0,0,0.21621621621621623,0.0,1,1
43,1,0,0,0,0,4.056640266572305,0,30,6,0,0,1,0,2,2,3,1,1,0.0,0.046511627906976744,1,1
18,1,0,0,0,0,3.7254805569978684,1,10,0,0,0,0,0,0,0,2,1,0,0.0,0.0,1,0
47,1,0,0,0,0,4.248544639225422,0,25,15,0,0,3,0,2,2,4,1,1,0.0,0.0425531914893617,1,1
12,1,0,0,0,0,3.0220552088742005,1,4,0,0,0,0,0,0,0,2,1,0,0.0,0.0,1,0
45,2,0,0,0,0,4.34998469665736,0,37,1,0,1,0,3,2,2,3,2,0,0.06666666666666667,0.044444444444444446,1,1
15,1,0,0,0,0,3.506890595608519,1,7,0,0,0,0,0,0,0,2,1,0,0.0,0.0,1,0
53,1,0,0,0,0,4.334065681338157,0,31,15,0,0,3,0,2,2,4,1,1,0.0,0.03773584905660377,1,1
53,1,0,0,0,0,4.275208785512426,0,31,15,0,0,5,0,2,2,4,1,1,0.0,0.03773584905660377,1,1
26,2,0,0,0,0,3.95006375643621,1,17,1,0,1,0,0,0,0,3,2,0,0.0,0.0,1,1
48,1,0,0,0,0,4.288320189106,0,26,15,0,0,1,0,3,3,3,1,1,0.0,0.0625,1,1
17,1,0,0,0,0,3.5724694587701356,1,9,0,0,0,0,0,0,0,2,1,0,0.0,0.0,1,0
19,1,0,0,0,0,3.7216117239699016,1,11,0,0,0,0,0,0,0,2,1,0,0.0,0.0,1,0
43,2,0,0,0,0,4.184774568998513,1,34,1,0,1,0,3,2,2,3,2,0,0.06976744186046512,0.046511627906976744,1,1
25,1,0,0,0,0,4.243856189774725,1,17,0,0,0,1,0,0,0,2,1,0,0.0,0.0,1,0
20,2,0,0,0,0,3.7841837197791888,1,12,0,0,1,0,0,0,0,2,2,0,0.0,0.0,1,0
48,1,0,0,0,0,4.201496418292684,0,26,15,0,0,2,0,2,2,4,1,1,0.0,0.041666666666666664,1,1
49,1,0,0,0,0,4.4918618847549245,0,27,15,0,0,3,0,2,2,4,1,1,0.0,0.04081632653061224,1,1
23,2,0,0,0,0,3.762267390651494,1,15,0,0,1,0,0,0,0,2,2,1,0.0,0.0,1,0
17,1,0,0,0,0,3.4548223999466066,1,9,0,0,0,0,0,0,0,2,1,0,0.0,0.0,1,0
18,1,0,0,0,0,3.7946534735443422,1,10,0,0,0,0,0,0,0,2,1,0,0.0,0.0,1,0
46,1,0,0,0,0,4.276081999855836,0,24,15,0,0,2,0,2,2,4,1,1,0.0,0.043478260869565216,1,1
18,1,0,0,0,0,3.836591668108979,1,10,0,0,0,0,0,0,0,2,1,0,0.0,0.0,1,0
25,1,0,0,0,0,4.213660689688186,1,17,0,0,0,0,0,0,0,2,1,0,0.0,0.0,1,0
50,1,0,0,0,0,4.221984511178708,0,28,15,0,0,3,0,3,3,3,1,1,0.0,0.06,1,1
18,2,0,0,0,0,3.7254805569978684,1,10,0,0,1,0,0,0,0,2,2,1,0.0,0.0,1,0
28,2,0,0,0,0,3.7979026896829464,1,11,9,0,1,0,0,0,0,3,2,0,0.0,0.0,1,0
48,1,0,0,0,0,4.337581188618506,0,26,15,0,0,3,0,2,2,4,1,1,0.0,0.041666666666666664,1,1
18,1,0,0,0,0,3.6143694458867572,1,10,0,0,0,0,0,0,0,2,1,0,0.0,0.0,1,0
21,1,0,0,0,0,3.6897037321995474,1,13,0,0,0,0,0,0,0,2,1,0,0.0,0.0,1,0
37,0,0,0,0,0,4.033513500647141,1,23,0,0,0,0,8,0,0,2,0,0,0.21621621621621623,0.0,1,1
33,1,0,0,0,0,3.870003588989864,1,24,1,0,0,0,0,1,1,3,1,0,0.0,0.030303030303030304,1,1
44,1,0,0,0,0,4.276724800062121,0,25,12,0,0,2,0,3,3,3,1,1,0.0,0.06818181818181818,1,1
47,1,0,0,0,0,3.9849199684687577,0,25,15,0,0,2,0,3,3,3,1,1,0.0,0.06382978723404255,1,1
23,1,0,0,0,0,4.055958151615123,1,15,0,0,0,0,0,0,0,2,1,0,0.0,0.0,1,0
18,1,0,0,0,0,3.7254805569978684,1,10,0,0,0,0,0,0,0,2,1,0,0.0,0.0,1,0
17,1,0,0,0,0,3.7345216647797517,1,9,0,0,0,0,0,0,0,2,1,0,0.0,0.0,1,0
29,2,0,0,0,0,3.8143719431796272,1,11,10,0,1,0,0,0,0,4,2,0,0.0,0.0,1,0
16,1,0,0,0,0,3.452819531114783,1,8,0,0,0,0,0,0,0,2,1,0,0.0,0.0,1,0
17,1,0,0,0,0,3.5724694587701356,1,9,0,0,0,0,0,0,0,2,1,0,0.0,0.0,1,0
49,1,0,0,0,0,4.070857997344911,0,36,6,0,0,1,0,2,2,3,1,1,0.0,0.04081632653061224,1,1
13,1,0,0,0,0,3.3927474104487847,1,5,0,0,0,0,0,0,0,2,1,1,0.0,0.0,1,0
45,1,0,0,0,0,4.068761984833947,0,26,12,0,0,3,0,3,3,3,1,1,0.0,0.06666666666666667,1,1
20,2,0,0,0,0,3.684183719779189,1,12,0,0,1,0,0,0,0,2,2,0,0.0,0.0,1,0
21,1,0,0,0,0,3.7849418274376427,1,13,0,0,0,0,0,0,0,2,1,0,0.0,0.0,1,0
38,1,0,0,0,0,4.273728829005326,0,24,7,0,0,2,0,2,2,3,1,1,0.0,0.05263157894736842,1,1
35,2,0,0,0,1,4.057575159678483,1,15,7,4,1,0,0,2,0,3,2,0,0.0,0.05714285714285714,1,0
64,1,0,0,0,0,3.98320839910992,0,37,20,0,0,0,0,3,3,3,1,1,0.0,0.046875,1,1
49,1,0,0,0,0,4.227481916543023,0,27,15,0,0,2,0,2,2,4,1,1,0.0,0.04081632653061224,1,1
43,2,0,0,0,0,4.350342370830228,1,34,1,0,1,0,5,2,2,3,2,0,0.11627906976744186,0.046511627906976744,1,1
41,2,0,0,0,0,3.9883089439493613,1,17,16,0,1,2,0,0,0,5,2,0,0.0,0.0,1,0
45,1,0,0,0,0,4.049767474338984,0,23,15,0,0,4,0,2,2,4,1,1,0.0,0.044444444444444446,1,1
39,3,0,0,0,0,4.028490680178816,1,14,17,0,2,0,0,1,1,4,3,0,0.0,0.02564102564102564,1,0
16,1,0,0,0,0,3.625,1,8,0,0,0,0,0,0,0,2,1,0,0.0,0.0,1,0
28,1,0,0,0,0,4.012188403968661,1,19,1,0,0,0,0,1,1,3,1,0,0.0,0.03571428571428571,1,1
37,2,0,0,0,0,4.023661393171458,1,28,1,0,1,0,0,2,2,3,2,0,0.0,0.05405405405405406,1,1
19,1,0,0,0,0,3.6163485660751644,1,11,0,0,0,0,0,0,0,2,1,0,0.0,0.0,1,0
34,2,0,0,0,0,4.101881223476019,0,27,0,0,1,0,0,3,3,2,2,0,0.0,0.08823529411764706,1,1
54,1,0,0,0,0,4.149868345440189,0,27,20,0,0,1,0,3,3,3,1,1,0.0,0.05555555555555555,1,1
56,1,0,0,0,0,3.9128397823733536,0,34,15,0,0,3,0,3,3,3,1,1,0.0,0.05357142857142857,1,1
47,1,0,0,0,0,4.319714383224281,0,25,15,0,0,4,0,3,3,3,1,1,0.0,0.06382978723404255,1,1
21,2,0,0,0,0,3.7849418274376427,1,13,0,0,1,0,0,0,0,2,2,0,0.0,0.0,1,0
42,2,0,0,0,0,4.350068910616443,0,34,1,0,1,0,3,2,2,3,2,0,0.07142857142857142,0.047619047619047616,1,1
49,2,0,0,0,0,4.392785293484041,0,41,1,0,1,0,3,2,2,3,2,0,0.061224489795918366,0.04081632653061224,1,1
17,1,0,0,0,0,3.6168746059562222,1,9,0,0,0,0,0,0,0,2,1,0,0.0,0.0,1,0
19,1,0,0,0,0,3.6818808028034034,1,11,0,0,0,0,0,0,0,2,1,0,0.0,0.0,1,0
16,1,0,0,0,0,3.577819531114783,1,8,0,0,0,0,0,0,0,2,1,0,0.0,0.0,1,0
50,1,0,0,0,0,4.143465189601647,0,36,7,0,0,2,0,2,2,3,1,1,0.0,0.04,1,1
17,1,0,0,0,0,3.5724694587701356,1,9,0,0,0,0,0,0,0,2,1,0,0.0,0.0,1,0
40,2,0,0,0,0,4.284183719779189,0,32,1,0,1,0,3,2,2,3,2,0,0.075,0.05,1,1
37,0,0,0,0,0,4.013111135723804,1,23,0,0,0,0,8,0,0,2,0,0,0.21621621621621623,0.0,1,1
14,1,0,0,0,0,3.521640636343318,1,6,0,0,0,0,0,0,0,2,1,0,0.0,0.0,1,0
49,1,0,0,0,0,4.0320797416328675,0,27,15,0,0,1,0,3,3,3,1,1,0.0,0.061224489795918366,1,1
44,1,0,0,0,0,4.322179345516667,0,31,6,0,0,3,0,2,2,3,1,1,0.0,0.045454545454545456,1,1
31,2,0,0,0,0,3.9503441981686898,0,24,0,0,1,0,0,3,3,2,2,0,0.0,0.0967741935483871,1,1
48,1,0,0,0,0,4.3061275426950285,0,26,15,0,0,4,0,2,2,4,1,1,0.0,0.041666666666666664,1,1
18,1,0,0,0,0,3.683542362433231,1,10,0,0,0,0,0,0,0,2,1,0,0.0,0.0,1,0
17,1,0,0,0,0,3.6168746059562222,1,9,0,0,0,0,0,0,0,2,1,0,0.0,0.0,1,0
38,1,0,0,0,0,3.9579393553211153,0,24,7,0,0,2,0,2,2,3,1,1,0.0,0.05263157894736842,1,1
19,1,0,0,0,0,3.8268748818646383,1,11,0,0,0,0,0,0,0,2,1,0,0.0,0.0,1,0
37,0,0,0,0,0,4.121219243831912,1,23,0,0,0,0,8,0,0,2,0,0,0.21621621621621623,0.0,1,1
49,1,0,0,0,0,3.9280730499500205,0,30,12,0,0,2,0,3,3,3,1,1,0.0,0.061224489795918366,1,1
17,1,0,0,0,0,3.6168746059562222,1,9,0,0,0,0,0,0,0,2,1,0,0.0,0.0,1,0
24,2,0,0,0,0,3.886842188131012,0,17,0,0,1,0,0,0,0,2,2,0,0.0,0.0,1,1
46,2,0,0,0,0,4.412270315214323,0,38,1,0,1,0,5,2,2,3,2,0,0.10869565217391304,0.043478260869565216,1,1
17,1,0,0,0,0,3.3815804883091634,1,9,0,0,0,0,0,0,0,2,1,0,0.0,0.0,1,0
50,1,0,0,0,0,4.36307418942857,0,28,15,0,0,2,0,3,3,3,1,1,0.0,0.06,1,1
34,2,0,0,0,0,3.9176264438733592,1,26,0,0,1,0,0,2,2,2,2,0,0.0,0.058823529411764705,1,1
47,1,0,0,0,0,4.096518106720599,0,28,12,0,0,2,0,3,3,3,1,1,0.0,0.06382978723404255,1,1
17,2,0,0,0,0,3.499227547132693,1,9,0,0,1,0,0,0,0,2,2,0,0.0,0.0,1,0
31,2,0,0,0,0,3.808719697344071,1,14,9,0,1,0,0,0,0,4,2,0,0.0,0.0,1,0
48,1,0,0,0,0,4.050613740476478,0,26,15,0,0,3,0,3,3,3,1,1,0.0,0.0625,1,1
22,1,0,0,0,0,3.9139770731827523,1,14,0,0,0,0,0,0,0,2,1,0,0.0,0.0,1,0
15,1,0,0,0,0,3.506890595608519,1,7,0,0,0,0,3,0,0,2,1,0,0.2,0.0,1,0
43,2,0,0,0,0,4.248841720211617,0,35,1,0,1,0,2,2,2,3,2,0,0.046511627906976744,0.046511627906976744,1,1
20,1,0,0,0,0,3.884183719779189,1,12,0,0,0,0,0,0,0,2,1,0,0.0,0.0,1,0
22,1,0,0,0,0,4.004886164091843,1,14,0,0,0,0,0,0,0,2,1,0,0.0,0.0,1,0
19,1,0,0,0,0,3.8268748818646383,1,11,0,0,0,0,0,0,0,2,1,0,0.0,0.0,1,0
42,1,0,0,0,0,4.252453066090017,0,28,7,0,0,2,0,2,2,3,1,1,0.0,0.047619047619047616,1,1
36,1,0,0,0,0,3.7946534735443422,1,11,17,0,0,1,0,0,0,4,1,0,0.0,0.0,1,0
37,2,0,0,0,0,4.22932735194002,1,17,12,0,1,1,0,0,0,4,2,0,0.0,0.0,1,0
45,1,0,0,0,0,4.275651852925218,0,23,15,0,0,4,0,2,2,4,1,1,0.0,0.044444444444444446,1,1
47,1,0,0,0,0,4.123009861993717,0,25,15,0,0,4,0,3,3,3,1,1,0.0,0.06382978723404255,1,1
17,1,0,0,0,0,3.852168723603281,1,9,0,0,0,0,0,0,0,2,1,0,0.0,0.0,1,0
23,1,0,0,0,0,3.7409532604048388,1,15,0,0,0,0,0,0,0,2,1,0,0.0,0.0,1,0
20,1,0,0,0,0,3.308694969562842,1,11,1,0,0,0,0,0,0,3,1,0,0.0,0.0,1,1
15,1,0,0,0,0,3.506890595608519,1,7,0,0,0,0,0,0,0,2,1,1,0.0,0.0,1,0
52,1,0,0,0,0,4.195042123189286,0,30,15,0,0,2,0,2,2,4,1,1,0.0,0.038461538461538464,1,1
17,1,0,0,0,0,3.2927701939369904,1,9,0,0,0,0,0,0,0,2,1,0,0.0,0.0,1,0
18,1,0,0,0,0,3.57243125132212,1,10,0,0,0,0,0,0,0,2,1,0,0.0,0.0,1,0
14,1,0,0,0,0,3.3787834934861753,1,6,0,0,0,0,0,0,0,2,1,0,0.0,0.0,1,0
30,1,0,0,0,0,3.831401845392172,1,14,8,0,0,0,0,0,0,4,1,1,0.0,0.0,1,1
56,1,0,0,0,0,4.0771075472436555,0,33,16,0,0,3,0,3,3,3,1,1,0.0,0.05357142857142857,1,1
20,1,0,0,0,0,3.9219280948873623,1,12,0,0,0,0,0,0,0,2,1,0,0.0,0.0,1,0
19,1,0,0,0,0,3.7216117239699016,1,11,0,0,0,0,0,0,0,2,1,0,0.0,0.0,1,0
34,2,0,0,0,0,4.057476076289932,1,17,9,0,1,0,0,0,0,4,2,0,0.0,0.0,1,0
21,1,0,0,0,0,3.880179922675738,1,13,0,0,0,0,0,0,0,2,1,0,0.0,0.0,1,0
49,1,0,0,0,0,4.218717436076269,0,27,15,0,0,3,0,3,3,3,1,1,0.0,0.061224489795918366,1,1
19,1,0,0,0,0,3.8268748818646383,1,11,0,0,0,0,0,0,0,2,1,0,0.0,0.0,1,0
20,1,0,0,0,0,3.884183719779189,1,12,0,0,0,0,0,0,0,2,1,0,0.0,0.0,1,0
53,2,0,0,0,0,4.659445162429413,1,27,18,0,1,0,14,0,0,4,5,0,0.2641509433962264,0.0,1,1
39,2,0,0,0,0,3.9065704878156504,1,16,15,0,1,2,0,0,0,4,2,0,0.0,0.0,1,0
18,1,0,0,0,0,3.7254805569978684,1,10,0,0,0,0,0,0,0,2,1,0,0.0,0.0,1,0
36,1,0,0,0,0,3.7716278784523856,0,22,7,0,0,2,0,2,2,3,1,1,0.0,0.05555555555555555,1,1
23,1,0,0,0,0,3.9148663038831,1,15,0,0,0,0,0,0,0,2,1,0,0.0,0.0,1,0
18,1,0,0,0,0,3.7254805569978684,1,10,0,0,0,0,0,0,0,2,1,0,0.0,0.0,1,0
26,1,0,0,0,0,3.95006375643621,0,19,0,0,0,0,0,1,1,2,1,0,0.0,0.038461538461538464,1,1
42,2,0,0,0,0,4.254830815378347,1,33,1,0,1,0,4,2,2,3,2,0,0.09523809523809523,0.047619047619047616,1,1
20,2,0,0,0,0,3.9219280948873623,1,12,0,0,1,0,0,0,0,2,2,0,0.0,0.0,1,0
18,1,0,0,0,0,3.683542362433231,1,10,0,0,0,0,1,0,0,2,1,0,0.05555555555555555,0.0,1,0
16,1,0,0,0,0,3.75,1,8,0,0,0,0,0,0,0,2,1,0,0.0,0.0,1,0
19,1,0,0,0,0,3.6163485660751644,1,11,0,0,0,0,0,0,0,2,1,0,0.0,0.0,1,0
48,1,0,0,0,0,4.2699746782469115,0,26,15,0,0,3,0,2,2,4,1,1,0.0,0.041666666666666664,1,1
73,3,0,0,0,0,4.3383380452352025,1,65,0,0,2,0,36,1,1,2,3,0,0.4931506849315068,0.0136986301369863,3,1
22,1,0,0,0,0,3.7887549139935035,1,14,0,0,0,0,0,0,0,2,1,1,0.0,0.0,1,0
50,1,0,0,0,0,4.2961746300696415,0,28,15,0,0,3,0,3,3,3,1,1,0.0,0.06,1,1
20,2,0,0,0,0,3.8219280948873626,1,12,0,0,1,0,0,0,0,2,2,0,0.0,0.0,1,0
17,1,0,0,0,0,3.6168746059562222,1,9,0,0,0,0,0,0,0,2,1,0,0.0,0.0,1,0
21,1,0,0,0,0,3.916126946588284,1,13,0,0,0,0,0,0,0,2,1,0,0.0,0.0,1,0
54,1,0,0,0,0,4.360735418549686,0,32,15,0,0,4,0,2,2,4,1,1,0.0,0.037037037037037035,1,1
29,1,0,0,0,0,3.9523029776623857,1,20,1,0,0,0,0,0,0,3,1,0,0.0,0.0,1,1
21,2,0,0,0,0,3.7489948035250964,1,13,0,0,1,0,0,0,0,2,2,0,0.0,0.0,1,0
50,1,0,0,0,0,4.236565630242719,0,28,15,0,0,2,0,2,2,4,1,1,0.0,0.04,1,1
29,2,0,0,0,0,3.9093680639438846,1,20,1,0,1,0,0,2,2,3,2,0,0.0,0.06896551724137931,1,1
16,1,0,0,0,0,3.375,1,8,0,0,0,0,0,0,0,2,1,0,0.0,0.0,1,0
17,1,0,0,0,0,3.5724694587701356,1,9,0,0,0,0,0,0,0,2,1,0,0.0,0.0,1,0
46,1,0,0,0,0,3.9814815871538065,0,24,15,0,0,2,0,3,3,3,1,1,0.0,0.06521739130434782,1,1
16,1,0,0,0,0,3.75,1,8,0,0,0,0,0,0,0,2,1,0,0.0,0.0,1,0
19,1,0,0,0,0,3.8268748818646383,1,11,0,0,0,0,0,0,0,2,1,0,0.0,0.0,1,0
17,1,0,0,0,0,3.6168746059562222,1,9,0,0,0,0,0,0,0,2,1,0,0.0,0.0,1,0
46,1,0,0,0,0,4.067176772150688,0,24,15,0,0,4,0,3,3,3,1,1,0.0,0.06521739130434782,1,1
19,1,0,0,0,0,3.78714396069814,1,11,0,0,0,0,0,0,0,2,1,0,0.0,0.0,1,0
19,1,0,0,0,0,3.6818808028034034,1,11,0,0,0,0,0,0,0,2,1,0,0.0,0.0,1,0
15,1,0,0,0,0,3.640223928941852,1,7,0,0,0,0,0,0,0,2,1,1,0.0,0.0,1,0
14,1,0,0,0,0,3.3787834934861753,1,6,0,0,0,0,0,0,0,2,1,0,0.0,0.0,1,0
44,1,0,0,0,0,4.280470187252588,0,25,12,0,0,2,0,3,3,3,1,1,0.0,0.06818181818181818,1,1
24,1,0,0,0,0,3.584962500721156,1,16,0,0,0,0,0,0,0,2,1,0,0.0,0.0,1,0
43,1,0,0,0,0,4.109306836490687,0,29,7,0,0,2,0,2,2,3,1,1,0.0,0.046511627906976744,1,1
44,2,0,0,0,0,3.9994581877843998,1,35,1,0,1,0,0,0,0,3,2,0,0.0,0.0,1,1
52,2,0,0,1,0,4.260173314495302,1,20,24,0,1,0,0,3,3,4,5,0,0.0,0.057692307692307696,1,1
26,2,0,0,0,0,3.95006375643621,0,18,1,0,1,0,0,0,0,3,2,0,0.0,0.0,1,1
24,1,0,0,0,0,3.855388542207534,1,10,6,0,0,1,0,0,0,3,1,0,0.0,0.0,1,0
56,1,0,0,0,0,3.9470323237589366,0,34,15,0,0,2,0,2,2,4,1,1,0.0,0.03571428571428571,1,1
17,1,0,0,0,0,3.7345216647797517,1,9,0,0,0,0,0,0,0,2,1,0,0.0,0.0,1,0
52,1,0,0,0,0,4.168733170222928,0,25,20,0,0,2,0,3,3,3,1,1,0.0,0.057692307692307696,1,1
16,1,0,0,0,0,3.5,1,8,0,0,0,0,0,0,0,2,1,0,0.0,0.0,1,0
38,1,0,0,0,0,4.188331131693838,0,24,7,0,0,3,0,2,2,3,1,1,0.0,0.05263157894736842,1,1
21,1,0,0,0,0,3.594465636961452,1,13,0,0,0,0,0,0,0,2,1,0,0.0,0.0,1,0
46,1,0,0,0,0,4.104339944858225,0,27,12,0,0,2,0,3,3,3,1,1,0.0,0.06521739130434782,1,1
51,1,0,0,0,0,4.309488577180772,0,29,15,0,0,2,0,2,2,4,1,1,0.0,0.0392156862745098,1,1
37,0,0,0,0,0,4.067165189777858,1,23,0,0,0,0,8,0,0,2,0,0,0.21621621621621623,0.0,1,1
17,1,0,0,0,0,3.4548223999466066,1,9,0,0,0,0,0,0,0,2,1,0,0.0,0.0,1,0
23,1,0,0,0,0,4.1757358691004915,1,15,0,0,0,0,0,0,0,2,1,0,0.0,0.0,1,0
16,1,0,0,0,0,3.625,1,8,0,0,0,0,4,0,0,2,1,0,0.25,0.0,1,0
50,1,0,0,0,0,4.215337750470313,0,28,15,0,0,3,0,3,3,3,1,1,0.0,0.06,1,1
27,1,0,0,0,0,4.106377316818026,1,19,0,0,0,0,0,0,0,2,1,0,0.0,0.0,1,0
17,1,0,0,0,0,3.7345216647797517,1,9,0,0,0,0,0,0,0,2,1,0,0.0,0.0,1,0
17,1,0,0,0,0,3.7345216647797517,1,9,0,0,0,0,0,0,0,2,1,0,0.0,0.0,1,0
15,1,0,0,0,0,3.640223928941852,1,7,0,0,0,0,0,0,0,2,1,0,0.0,0.0,1,0
39,2,0,0,0,0,4.406821128952238,1,31,0,0,1,0,12,2,2,2,2,0,0.3076923076923077,0.05128205128205128,1,1
18,1,0,0,0,0,3.836591668108979,1,10,0,0,0,0,0,0,0,2,1,0,0.0,0.0,1,0
18,1,0,0,0,0,3.57243125132212,1,10,0,0,0,0,0,0,0,2,1,0,0.0,0.0,1,0
35,2,0,0,0,0,3.978864088188098,1,15,12,0,1,0,0,0,0,4,2,0,0.0,0.0,1,0
19,2,0,0,0,0,3.4713544870139295,1,11,0,0,1,0,0,0,0,2,2,0,0.0,0.0,1,0
14,1,0,0,0,0,3.1820058147602133,1,6,0,0,0,0,0,0,0,2,1,0,0.0,0.0,1,0
22,1,0,0,0,0,4.095795255000934,1,14,0,0,0,0,0,0,0,2,1,0,0.0,0.0,1,0
17,1,0,0,0,0,3.852168723603281,1,9,0,0,0,0,0,0,0,2,1,0,0.0,0.0,1,0
43,2,0,0,0,0,4.0894288603913065,1,17,18,0,1,1,0,0,0,5,2,0,0.0,0.0,1,1
45,1,0,0,0,0,4.1613130300868475,0,31,7,0,0,2,0,2,2,3,1,1,0.0,0.044444444444444446,1,1
37,0,0,0,0,0,4.121219243831912,1,23,0,0,0,0,8,0,0,2,0,0,0.21621621621621623,0.0,1,1
22,1,0,0,0,0,4.004886164091843,1,14,0,0,0,0,0,0,0,2,1,0,0.0,0.0,1,0
53,2,0,0,0,0,3.917574475278781,1,27,18,0,1,0,0,0,0,4,5,0,0.0,0.0,1,1
47,1,0,0,0,0,4.094393309484219,0,25,15,0,0,4,0,2,2,4,1,1,0.0,0.0425531914893617,1,1
50,1,0,0,0,0,4.178171939471839,0,28,15,0,0,3,0,3,3,3,1,1,0.0,0.06,1,1
44,2,0,0,0,0,4.516027641266231,1,35,1,0,1,0,6,2,2,3,2,0,0.13636363636363635,0.045454545454545456,1,1
33,2,0,0,0,0,3.884858891889048,1,24,1,0,1,0,0,0,0,3,2,0,0.0,0.0,1,1
17,1,0,0,0,0,3.5724694587701356,1,9,0,0,0,0,0,0,0,2,1,0,0.0,0.0,1,0
21,1,0,0,0,0,3.6304126608739984,0,14,0,0,0,0,0,1,1,2,1,0,0.0,0.047619047619047616,1,1
22,1,0,0,0,0,3.6978458230844127,1,14,0,0,0,0,0,0,0,2,1,0,0.0,0.0,1,0
31,1,0,0,0,0,3.8614768593892235,0,24,0,0,0,0,0,1,1,2,1,0,0.0,0.03225806451612903,1,1
50,1,0,0,0,0,4.1912723801129115,0,28,15,0,0,2,0,2,2,4,1,1,0.0,0.04,1,1
18,1,0,0,0,0,3.6143694458867572,1,10,0,0,0,0,0,0,0,2,1,0,0.0,0.0,1,0
18,1,0,0,0,0,3.9477027792200903,1,10,0,0,0,0,0,0,0,2,1,0,0.0,0.0,1,0
17,1,0,0,0,0,3.7345216647797517,1,9,0,0,0,0,0,0,0,2,1,1,0.0,0.0,1,0
26,1,0,0,0,0,3.5175594295963437,1,14,4,0,0,0,0,0,0,4,1,1,0.0,0.0,1,1
17,1,0,0,0,0,3.7345216647797517,1,9,0,0,0,0,0,0,0,2,1,0,0.0,0.0,1,0
23,1,0,0,0,0,3.9690016298759927,1,14,1,0,0,0,0,0,0,3,1,0,0.0,0.0,1,1
46,1,0,0,0,0,4.110093477608015,0,27,12,0,0,3,0,3,3,3,1,1,0.0,0.06521739130434782,1,1
18,1,0,0,0,0,3.836591668108979,1,10,0,0,0,0,0,0,0,2,1,0,0.0,0.0,1,0
20,1,0,0,0,0,4.021928094887363,1,12,0,0,0,0,0,0,0,2,1,0,0.0,0.0,1,0
21,1,0,0,0,0,3.6304126608739984,1,13,0,0,0,0,0,0,0,2,1,0,0.0,0.0,1,0
47,1,0,0,0,0,4.144702415369331,0,25,15,0,0,3,0,2,2,4,1,1,0.0,0.0425531914893617,1,1
18,1,0,0,0,0,3.7254805569978684,1,10,0,0,0,0,0,0,0,2,1,0,0.0,0.0,1,0
40,1,0,0,0,0,4.227567157116929,0,26,7,0,0,2,0,2,2,3,1,1,0.0,0.05,1,1
50,2,0,0,1,0,4.261984511178708,1,38,4,0,1,0,1,4,4,3,5,0,0.02,0.08,1,1
19,1,0,0,0,0,3.8924071185928772,0,12,0,0,0,0,0,1,1,2,1,0,0.0,0.05263157894736842,1,1
21,1,0,0,0,0,3.7256507561120937,1,13,0,0,0,0,0,0,0,2,1,0,0.0,0.0,1,0
20,2,0,0,0,0,3.7841837197791888,1,12,0,0,1,0,0,0,0,2,2,0,0.0,0.0,1,0
18,1,0,0,0,0,3.7946534735443422,1,10,0,0,0,0,3,0,0,2,1,0,0.16666666666666666,0.0,1,0
40,2,0,0,0,0,3.893942707918269,1,31,1,0,1,0,0,0,0,3,2,0,0.0,0.0,1,1
20,1,0,0,0,0,3.8219280948873626,1,12,0,0,0,0,0,0,0,2,1,0,0.0,0.0,1,0
54,1,0,0,0,0,4.110554399951039,0,32,15,0,0,3,0,3,3,3,1,1,0.0,0.05555555555555555,1,1
19,1,0,0,0,0,3.6818808028034034,1,11,0,0,0,0,0,0,0,2,1,0,0.0,0.0,1,0
45,1,0,0,0,0,4.413423651596768,0,23,15,0,0,3,0,2,2,4,1,1,0.0,0.044444444444444446,1,1
18,2,0,0,0,0,3.7254805569978684,1,10,0,0,1,0,0,0,0,2,2,0,0.0,0.0,1,0
34,2,0,0,0,0,3.895423870280316,1,19,7,0,1,2,0,0,0,3,2,0,0.0,0.0,1,0
17,1,0,0,0,0,3.7345216647797517,1,9,0,0,0,0,0,0,0,2,1,0,0.0,0.0,1,0
51,1,0,0,0,0,4.06381553771056,0,29,15,0,0,3,0,3,3,3,1,1,0.0,0.058823529411764705,1,1
20,1,0,0,0,0,3.5464393446710156,1,12,0,0,0,0,0,0,0,2,1,0,0.0,0.0,1,0
44,1,0,0,0,0,4.2544418457133455,0,25,12,0,0,1,0,3,3,3,1,1,0.0,0.06818181818181818,1,1
31,1,0,0,0,0,3.929214455199219,1,22,1,0,0,0,0,1,1,3,1,0,0.0,0.03225806451612903,1,1
70,4,0,0,0,0,4.4489557463338,1,46,16,0,3,0,5,2,2,3,8,0,0.07142857142857142,0.02857142857142857,1,1
19,1,0,0,0,0,3.6818808028034034,1,11,0,0,0,0,0,0,0,2,1,0,0.0,0.0,1,0
38,1,0,0,0,0,4.043337052632603,0,25,6,0,0,3,0,2,2,3,1,1,0.0,0.05263157894736842,1,1
30,2,0,0,0,0,3.8532359131272917,1,11,11,0,1,0,0,0,0,4,2,0,0.0,0.0,1,0
32,2,0,0,0,0,3.8636085007312415,1,23,1,0,1,0,0,2,2,3,2,0,0.0,0.0625,1,1
14,1,0,0,0,0,3.2359263506290326,1,6,0,0,0,0,0,0,0,2,1,1,0.0,0.0,1,0
32,2,0,0,0,0,3.7723683589017414,0,24,1,0,1,0,1,3,3,3,2,0,0.03125,0.09375,1,1
35,2,0,0,0,0,3.9544425746945735,1,26,1,0,1,0,0,1,1,3,2,0,0.0,0.02857142857142857,1,1
33,3,0,0,0,0,4.1272831343132905,1,22,3,0,2,1,0,0,0,3,3,0,0.0,0.0,1,0
37,0,0,0,0,0,3.992708770800467,1,23,0,0,0,0,8,0,0,2,0,0,0.21621621621621623,0.0,1,1
15,1,0,0,0,0,3.506890595608519,1,7,0,0,0,0,1,0,0,2,1,0,0.06666666666666667,0.0,1,0
32,3,0,0,0,0,3.9056390622295662,1,14,10,0,2,0,0,0,0,3,4,0,0.0,0.0,1,0
17,1,0,0,0,0,3.4548223999466066,1,9,0,0,0,0,0,0,0,2,1,0,0.0,0.0,1,0
52,1,0,0,0,0,4.344106544814538,0,29,16,0,0,3,0,3,3,3,1,1,0.0,0.057692307692307696,1,1
20,1,0,0,0,0,3.7841837197791888,1,12,0,0,0,0,0,1,1,2,1,0,0.0,0.05,1,0
49,1,0,0,0,0,3.9892253442836862,0,30,12,0,0,2,0,3,3,3,1,1,0.0,0.061224489795918366,1,1
33,2,0,0,0,0,3.836081907815205,1,16,9,0,1,0,0,0,0,3,2,0,0.0,0.0,1,0
19,1,0,0,0,0,3.8268748818646383,1,11,0,0,0,0,0,0,0,2,1,0,0.0,0.0,1,0
33,2,0,0,0,1,3.9980509371469144,1,14,2,8,1,0,0,2,0,3,2,0,0.0,0.06060606060606061,1,0
37,2,0,0,0,0,4.046762824854521,1,16,13,0,1,0,0,1,1,3,2,0,0.0,0.02702702702702703,1,0
40,1,0,0,0,0,4.089822782008755,0,26,7,0,0,1,0,2,2,3,1,1,0.0,0.05,1,1
56,1,0,0,0,0,4.238921102025689,0,29,20,0,0,1,0,3,3,3,1,1,0.0,0.05357142857142857,1,1
48,1,0,0,0,0,4.094841929151772,0,26,15,0,0,3,0,3,3,3,1,1,0.0,0.0625,1,1
58,1,0,0,0,0,4.148351417609098,0,35,16,0,0,2,0,3,3,3,1,1,0.0,0.05172413793103448,1,1
51,1,0,0,0,0,4.014987596618931,0,28,16,0,0,1,0,3,3,3,1,1,0.0,0.058823529411764705,1,1
33,2,0,0,0,0,4.4154581344444095,1,24,1,0,1,0,7,1,1,3,2,0,0.21212121212121213,0.030303030303030304,1,1
19,1,0,0,0,0,3.8268748818646383,1,11,0,0,0,0,0,0,0,2,1,0,0.0,0.0,1,0
54,1,0,0,0,0,3.9949696792068505,0,32,15,0,0,1,0,2,2,4,1,1,0.0,0.037037037037037035,1,1
20,1,0,0,0,0,3.7841837197791888,1,12,0,0,0,0,0,0,0,2,1,0,0.0,0.0,1,0
73,1,0,0,0,1,4.552485004971381,1,10,5,49,0,0,20,2,0,3,4,0,0.273972602739726,0.0273972602739726,1,1
20,1,0,0,0,0,3.9219280948873623,1,12,0,0,0,0,0,0,0,2,1,0,0.0,0.0,1,0
42,2,0,0,0,1,4.261132303628119,1,12,11,10,1,0,0,3,0,4,3,0,0.0,0.07142857142857142,1,0
44,1,0,0,0,0,4.197845823084412,0,22,15,0,0,4,0,2,2,4,1,1,0.0,0.045454545454545456,1,1
41,1,0,0,0,0,4.277926089825635,0,28,6,0,0,2,0,2,2,3,1,1,0.0,0.04878048780487805,1,1
47,1,0,0,0,0,4.078331873267975,0,33,7,0,0,2,0,2,2,3,1,1,0.0,0.0425531914893617,1,1
37,0,0,0,0,0,4.067165189777858,1,23,0,0,0,0,8,0,0,2,0,0,0.21621621621621623,0.0,1,1
56,1,0,0,0,0,4.154759610557884,0,29,20,0,0,2,0,3,3,3,1,1,0.0,0.05357142857142857,1,1
45,1,0,0,0,0,4.341310040533734,0,26,12,0,0,2,0,3,3,3,1,1,0.0,0.06666666666666667,1,1
30,2,0,0,0,0,4.081727678869736,0,23,0,0,1,0,1,1,1,2,2,0,0.03333333333333333,0.03333333333333333,1,1
38,1,0,0,0,0,3.895714934884266,0,17,14,0,0,0,0,0,0,3,2,0,0.0,0.0,1,1
28,2,0,0,0,0,3.824862957617356,1,16,4,0,1,0,0,0,0,4,2,1,0.0,0.0,1,1
19,1,0,0,0,0,3.8924071185928772,1,11,0,0,0,0,0,0,0,2,1,0,0.0,0.0,1,0
21,1,0,0,0,0,4.011365041826379,1,13,0,0,0,0,0,0,0,2,1,0,0.0,0.0,1,0
36,2,0,0,0,0,3.9613201402110088,1,22,6,0,1,0,0,1,1,4,2,0,0.0,0.027777777777777776,1,1
46,1,0,0,0,0,4.288910053459813,0,27,12,0,0,2,0,3,3,3,1,1,0.0,0.06521739130434782,1,1
38,1,0,0,0,0,4.201231789474709,0,24,7,0,0,3,0,2,2,3,1,1,0.0,0.05263157894736842,1,1
39,1,0,0,0,0,4.1949067057088945,0,25,7,0,0,2,0,2,2,3,1,1,0.0,0.05128205128205128,1,1
49,1,0,0,0,0,4.290345497389064,0,30,12,0,0,4,0,3,3,3,1,1,0.0,0.061224489795918366,1,1
19,1,0,0,0,0,3.6818808028034034,1,11,0,0,0,0,0,0,0,2,1,0,0.0,0.0,1,0
32,1,0,0,0,0,4.155639062229566,1,23,1,0,0,0,4,1,1,3,1,0,0.125,0.03125,1,1
17,1,0,0,0,0,3.7345216647797517,1,9,0,0,0,0,0,0,0,2,1,0,0.0,0.0,1,0
17,1,0,0,0,0,3.5724694587701356,1,9,0,0,0,0,0,0,0,2,1,0,0.0,0.0,1,0
20,1,0,0,0,0,3.7841837197791888,1,12,0,0,0,0,0,0,0,2,1,0,0.0,0.0,1,0
53,1,0,0,0,0,4.145386436055139,0,31,15,0,0,1,0,3,3,3,1,1,0.0,0.05660377358490566,1,1
18,1,0,0,0,0,3.683542362433231,1,10,0,0,0,0,0,0,0,2,1,0,0.0,0.0,1,0
21,1,0,0,0,0,3.916126946588284,1,13,0,0,0,0,0,0,0,2,1,0,0.0,0.0,1,0
19,1,0,0,0,0,3.4713544870139295,1,11,0,0,0,0,0,0,0,2,1,0,0.0,0.0,1,0
23,2,0,0,0,0,3.5342190211803404,0,10,6,0,1,0,1,0,0,4,2,0,0.043478260869565216,0.0,1,1
17,1,0,0,0,0,3.7345216647797517,1,9,0,0,0,0,0,0,0,2,1,0,0.0,0.0,1,0
50,1,0,0,0,0,3.985142250383775,0,37,6,0,0,1,0,2,2,3,1,1,0.0,0.04,1,1
38,1,0,0,0,0,4.145972171840238,0,24,7,0,0,2,0,2,2,3,1,1,0.0,0.05263157894736842,1,1
17,1,0,0,0,0,3.6168746059562222,1,9,0,0,0,0,0,0,0,2,1,1,0.0,0.0,1,0
38,1,0,0,0,0,3.8725416580096277,0,24,7,0,0,3,0,2,2,3,1,1,0.0,0.05263157894736842,1,1
50,1,0,0,0,0,4.216174630069641,0,27,16,0,0,1,0,3,3,3,1,1,0.0,0.06,1,1
18,1,0,0,0,0,3.9477027792200903,1,10,0,0,0,0,0,0,0,2,1,0,0.0,0.0,1,0
37,1,0,0,0,0,3.877447621976402,0,24,6,0,0,2,0,2,2,3,1,1,0.0,0.05405405405405406,1,1
49,1,0,0,0,0,4.310298681647991,0,27,15,0,0,3,0,2,2,4,1,1,0.0,0.04081632653061224,1,1
17,1,0,0,0,0,3.852168723603281,1,9,0,0,0,0,0,0,0,2,1,0,0.0,0.0,1,0
47,1,0,0,0,0,4.282792308894289,0,24,16,0,0,2,0,3,3,3,1,1,0.0,0.06382978723404255,1,1
33,2,0,0,0,0,3.8391081341821707,1,15,10,0,1,0,1,0,0,6,2,0,0.030303030303030304,0.0,1,0
37,0,0,0,0,0,4.067165189777858,1,23,0,0,0,0,8,0,0,2,0,0,0.21621621621621623,0.0,1,1
12,1,0,0,0,0,3.0220552088742005,1,4,0,0,0,0,0,0,0,2,1,0,0.0,0.0,1,0
46,1,0,0,0,0,4.009458901888653,0,24,15,0,0,2,0,3,3,3,1,1,0.0,0.06521739130434782,1,1
15,1,0,0,0,0,3.3735572622751855,1,7,0,0,0,0,0,0,0,2,1,0,0.0,0.0,1,0
43,2,0,0,0,0,4.0894288603913065,1,15,20,0,1,0,1,0,0,5,3,0,0.023255813953488372,0.0,1,0
19,2,0,0,0,0,3.7216117239699016,1,11,0,0,1,0,0,0,0,2,2,1,0.0,0.0,1,0
50,1,0,0,0,0,4.368367439558378,0,28,15,0,0,3,0,3,3,3,1,1,0.0,0.06,1,1
20,2,0,0,0,0,3.684183719779189,1,12,0,0,1,0,0,0,0,2,2,1,0.0,0.0,1,0
42,2,0,0,0,1,4.100301648814703,1,12,14,7,1,0,0,3,1,4,2,0,0.0,0.07142857142857142,1,0
21,1,0,0,0,0,4.011365041826379,1,13,0,0,0,0,3,0,0,2,1,0,0.14285714285714285,0.0,1,0
18,1,0,0,0,0,3.7254805569978684,1,10,0,0,0,0,0,0,0,2,1,0,0.0,0.0,1,0
23,1,0,0,0,0,3.8492239123906242,1,15,0,0,0,0,0,0,0,2,1,0,0.0,0.0,1,0
21,1,0,0,0,0,3.558518613048906,1,13,0,0,0,0,1,0,0,2,1,0,0.047619047619047616,0.0,1,0
51,1,0,0,0,0,4.201960274134418,0,29,15,0,0,3,0,2,2,4,1,1,0.0,0.0392156862745098,1,1
33,1,0,0,0,0,3.9831956342477306,1,21,4,0,0,0,0,1,1,4,1,0,0.0,0.030303030303030304,1,1
18,1,0,0,0,0,3.836591668108979,1,10,0,0,0,0,0,0,0,2,1,0,0.0,0.0,1,0
42,2,0,0,0,0,4.15091348260215,1,19,15,0,1,0,0,1,1,5,2,0,0.0,0.023809523809523808,1,0
22,1,0,0,0,0,3.7321588913645702,1,14,0,0,0,0,0,0,0,2,1,0,0.0,0.0,1,0
19,1,0,0,0,0,3.576617644908666,1,11,0,0,0,0,0,0,0,2,1,0,0.0,0.0,1,0
49,1,0,0,0,0,4.096268456484432,0,26,16,0,0,3,0,3,3,3,1,1,0.0,0.061224489795918366,1,1
46,1,0,0,0,0,4.4521660318147465,0,24,15,0,0,3,0,3,3,3,1,1,0.0,0.06521739130434782,1,1
55,2,0,0,0,0,4.456016931895912,1,21,26,0,1,0,0,1,1,6,2,0,0.0,0.01818181818181818,1,0
23,2,0,0,0,0,4.00182282562223,1,15,0,0,1,0,0,0,0,2,2,0,0.0,0.0,1,0
35,2,0,0,0,0,4.036006945330955,1,26,1,0,1,0,0,4,4,3,2,0,0.0,0.11428571428571428,1,1
23,1,0,0,0,0,3.708132064658601,1,14,1,0,0,0,0,1,1,3,1,0,0.0,0.043478260869565216,1,1
21,1,0,0,0,0,3.7849418274376427,1,13,0,0,0,0,0,0,0,2,1,0,0.0,0.0,1,0
47,1,0,0,0,0,4.282792308894289,0,24,16,0,0,4,0,3,3,3,1,1,0.0,0.06382978723404255,1,1
30,2,0,0,0,0,3.8150610122030697,0,23,0,0,1,0,0,1,1,2,2,0,0.0,0.03333333333333333,1,1
55,5,0,0,0,0,4.242647159286648,1,39,8,0,4,0,0,0,0,4,5,1,0.0,0.0,1,1
19,1,0,0,0,0,3.6818808028034034,1,11,0,0,0,0,0,0,0,2,1,0,0.0,0.0,1,0
44,1,0,0,0,0,3.921960243824921,0,25,12,0,0,3,0,3,3,3,1,1,0.0,0.06818181818181818,1,1
30,1,0,0,0,0,4.1898980954642875,0,23,0,0,0,0,0,1,1,2,1,1,0.0,0.03333333333333333,1,1
49,1,0,0,0,0,4.319119161352677,1,17,24,0,0,0,0,0,0,5,1,0,0.0,0.0,1,0
19,1,0,0,0,0,3.8268748818646383,1,11,0,0,0,0,0,0,0,2,1,0,0.0,0.0,1,0
30,1,0,0,0,0,3.7362434129830606,1,21,1,0,0,0,0,1,1,3,1,0,0.0,0.03333333333333333,1,1
18,1,0,0,0,0,3.683542362433231,1,10,0,0,0,0,0,0,0,2,1,0,0.0,0.0,1,0
47,1,0,0,0,0,4.216421766792934,0,28,12,0,0,2,0,3,3,3,1,1,0.0,0.06382978723404255,1,1
18,1,0,0,0,0,3.7254805569978684,1,10,0,0,0,0,3,0,0,2,1,0,0.16666666666666666,0.0,1,0
17,1,0,0,0,0,3.6168746059562222,1,9,0,0,0,0,0,0,0,2,1,0,0.0,0.0,1,0
51,1,0,0,0,0,4.32871308681501,0,32,12,0,0,3,0,3,3,3,1,1,0.0,0.058823529411764705,1,1
23,1,0,0,0,0,4.2626923908396215,1,15,0,0,0,0,0,0,0,2,1,0,0.0,0.0,1,0
22,1,0,0,0,0,3.8796640049025943,1,14,0,0,0,0,0,0,0,2,1,0,0.0,0.0,1,0
17,1,0,0,0,0,3.852168723603281,1,9,0,0,0,0,0,0,0,2,1,0,0.0,0.0,1,0
17,1,0,0,0,0,3.4548223999466066,1,9,0,0,0,0,0,0,0,2,1,0,0.0,0.0,1,0
47,1,0,0,0,0,4.195561128679186,0,33,7,0,0,1,0,2,2,3,1,1,0.0,0.0425531914893617,1,1
46,1,0,0,0,0,4.197049999347146,0,24,15,0,0,3,0,2,2,4,1,1,0.0,0.043478260869565216,1,1
16,1,0,0,0,0,3.452819531114783,1,8,0,0,0,0,0,0,0,2,1,0,0.0,0.0,1,0
53,1,0,0,0,0,3.9540852004434854,0,34,12,0,0,2,0,3,3,3,1,1,0.0,0.05660377358490566,1,1
18,1,0,0,0,0,3.683542362433231,1,10,0,0,0,0,0,0,0,2,1,0,0.0,0.0,1,0
51,1,0,0,0,0,4.218720136335857,0,29,15,0,0,3,0,3,3,3,1,1,0.0,0.058823529411764705,1,1
30,2,0,0,0,0,4.0062389286533895,1,16,6,0,1,1,0,0,0,3,2,0,0.0,0.0,1,0
47,1,0,0,0,0,4.2988537451105335,0,25,15,0,0,4,0,3,3,3,1,1,0.0,0.06382978723404255,1,1
42,2,0,0,0,0,4.415661470191764,0,34,1,0,1,0,5,2,2,3,2,0,0.11904761904761904,0.047619047619047616,1,1
18,1,0,0,0,0,3.683542362433231,1,10,0,0,0,0,0,0,0,2,1,0,0.0,0.0,1,0
37,0,0,0,0,0,4.067165189777858,1,23,0,0,0,0,8,0,0,2,0,0,0.21621621621621623,0.0,1,1
21,1,0,0,0,0,3.7849418274376427,1,13,0,0,0,0,0,0,0,2,1,0,0.0,0.0,1,0
17,1,0,0,0,0,3.4548223999466066,1,9,0,0,0,0,0,0,0,2,1,0,0.0,0.0,1,0
21,2,0,0,0,0,4.011365041826379,1,13,0,0,1,0,0,0,0,2,2,0,0.0,0.0,1,0
33,3,0,0,0,0,3.7030407100708658,1,16,9,0,2,0,0,0,0,4,3,0,0.0,0.0,1,0
44,2,0,0,0,0,4.373648947936903,0,36,1,0,1,0,4,2,2,3,2,0,0.09090909090909091,0.045454545454545456,1,1
22,1,0,0,0,0,4.004886164091843,1,14,0,0,0,0,0,0,0,2,1,0,0.0,0.0,1,0
40,2,0,0,0,0,4.215311532225102,0,32,1,0,1,0,3,2,2,3,2,0,0.075,0.05,1,1
42,2,0,0,0,0,4.177566232096526,1,33,1,0,1,0,2,2,2,3,2,0,0.047619047619047616,0.047619047619047616,1,1
19,1,0,0,0,0,3.7216117239699016,1,11,0,0,0,0,0,0,0,2,1,0,0.0,0.0,1,0
47,2,0,0,0,0,4.596726085536066,1,38,1,0,1,0,4,2,2,3,2,0,0.0851063829787234,0.0425531914893617,1,1
18,1,0,0,0,0,3.392147223664535,1,10,0,0,0,0,0,0,0,2,1,0,0.0,0.0,1,0
24,1,0,0,0,0,3.6845608142862893,1,16,0,0,0,0,0,0,0,2,1,0,0.0,0.0,1,0
18,1,0,0,0,0,3.836591668108979,1,10,0,0,0,0,0,0,0,2,1,0,0.0,0.0,1,0
40,2,0,0,0,0,4.134183719779189,1,22,10,0,1,1,2,0,0,3,3,0,0.05,0.0,1,1
39,2,0,0,0,0,4.128494129663178,1,30,1,0,1,0,0,1,1,3,2,0,0.0,0.02564102564102564,1,1
42,2,0,0,0,0,4.261132303628119,0,34,1,0,1,0,3,2,2,3,2,0,0.07142857142857142,0.047619047619047616,1,1
25,1,0,0,0,0,4.0536606896881855,1,17,0,0,0,0,0,0,0,2,1,0,0.0,0.0,1,0
42,1,0,0,0,0,4.186860506514696,0,23,12,0,0,3,0,3,3,3,1,1,0.0,0.07142857142857142,1,1
50,1,0,0,0,0,3.9660498815361103,0,27,16,0,0,2,0,3,3,3,1,1,0.0,0.06,1,1
57,1,0,0,0,0,4.143350320764774,0,34,16,0,0,1,0,3,3,3,1,1,0.0,0.05263157894736842,1,1
45,2,0,0,0,0,4.311421641246036,0,37,1,0,1,0,3,2,2,3,2,0,0.06666666666666667,0.044444444444444446,1,1
19,1,0,0,0,0,3.6818808028034034,1,11,0,0,0,0,0,0,0,2,1,0,0.0,0.0,1,0
40,2,0,0,0,0,4.075070520364182,1,14,18,0,1,0,0,0,0,5,3,0,0.0,0.0,1,0
21,1,0,0,0,0,3.344698375159713,1,13,0,0,0,0,0,0,0,2,1,0,0.0,0.0,1,0
37,0,0,0,0,0,3.881901595932632,1,23,0,0,0,0,8,0,0,2,0,0,0.21621621621621623,0.0,1,1
50,1,0,0,0,0,4.08307418942857,0,23,20,0,0,2,0,3,3,3,1,1,0.0,0.06,1,1
19,1,0,0,0,0,3.8924071185928772,1,11,0,0,0,0,0,0,0,2,1,0,0.0,0.0,1,0
55,1,0,0,0,0,4.2652855683382205,0,33,15,0,0,4,0,2,2,4,1,1,0.0,0.03636363636363636,1,1
51,1,0,0,0,0,4.25028171426599,0,28,16,0,0,2,0,3,3,3,1,1,0.0,0.058823529411764705,1,1
45,1,0,0,0,0,4.119087818311511,0,23,15,0,0,2,0,2,2,4,1,1,0.0,0.044444444444444446,1,1
45,1,0,0,0,0,3.967334008904613,0,26,12,0,0,3,0,3,3,3,1,1,0.0,0.06666666666666667,1,1
40,2,0,0,0,0,4.384183719779189,1,31,1,0,1,0,3,2,2,3,2,0,0.075,0.05,1,1
20,1,0,0,0,0,3.9219280948873623,1,12,0,0,0,0,0,0,0,2,1,0,0.0,0.0,1,0
17,1,0,0,0,0,3.4548223999466066,1,9,0,0,0,0,2,0,0,2,1,0,0.11764705882352941,0.0,1,0
16,1,0,0,0,0,3.375,1,8,0,0,0,0,0,0,0,2,1,0,0.0,0.0,1,0
32,2,0,0,0,0,3.7806390622295662,1,15,9,0,1,0,0,0,0,4,2,0,0.0,0.0,1,0
83,2,0,0,0,0,4.716932094686905,0,75,1,0,1,0,10,4,4,3,2,0,0.12048192771084337,0.04819277108433735,1,1
18,1,0,0,0,0,3.6143694458867572,1,10,0,0,0,0,0,0,0,2,1,0,0.0,0.0,1,0
24,1,0,0,0,0,3.584962500721156,1,12,4,0,0,0,0,0,0,4,1,0,0.0,0.0,1,1
42,1,0,0,0,0,4.39768795823549,0,28,7,0,0,2,0,2,2,3,1,1,0.0,0.047619047619047616,1,1
19,1,0,0,0,0,3.78714396069814,1,11,0,0,0,0,1,0,0,2,1,0,0.05263157894736842,0.0,1,0
17,1,0,0,0,0,3.7345216647797517,1,9,0,0,0,0,0,0,0,2,1,0,0.0,0.0,1,0
18,1,0,0,0,0,3.3502090290998976,0,11,0,0,0,0,0,0,0,2,1,0,0.0,0.0,1,1
17,1,0,0,0,0,3.852168723603281,1,9,0,0,0,0,0,0,0,2,1,0,0.0,0.0,1,0
49,1,0,0,0,0,4.262896967430973,0,27,15,0,0,3,0,3,3,3,1,1,0.0,0.061224489795918366,1,1
73,4,0,0,0,0,4.444617840849091,1,51,14,0,3,0,5,2,2,3,8,0,0.0684931506849315,0.0273972602739726,1,1
31,2,0,0,0,0,4.091135423220312,1,16,7,0,1,1,0,0,0,4,2,0,0.0,0.0,1,0
53,1,0,0,0,0,4.260478237377966,0,31,15,0,0,3,0,2,2,4,1,1,0.0,0.03773584905660377,1,1
18,1,0,0,0,0,3.7254805569978684,1,10,0,0,0,0,0,0,0,2,1,0,0.0,0.0,1,0
51,2,0,0,0,0,4.2039184206071605,1,19,24,0,1,0,0,1,1,6,2,0,0.0,0.0196078431372549,1,0
18,1,0,0,0,0,3.7254805569978684,1,10,0,0,0,0,0,0,0,2,1,0,0.0,0.0,1,0
37,0,0,0,0,0,3.979459446593087,1,23,0,0,0,0,8,0,0,2,0,0,0.21621621621621623,0.0,1,1
53,1,0,0,0,0,4.2324793042578905,0,31,15,0,0,2,0,3,3,3,1,1,0.0,0.05660377358490566,1,1
48,1,0,0,0,0,4.1207817728566996,0,26,15,0,0,2,0,3,3,3,1,1,0.0,0.0625,1,1
38,2,0,0,0,0,4.020843553362252,1,24,6,0,1,1,0,0,0,3,2,0,0.0,0.0,1,1
19,1,0,0,0,0,3.5110854081804277,1,11,0,0,0,0,0,0,0,2,1,0,0.0,0.0,1,0
43,1,0,0,0,0,4.070900221272007,0,29,7,0,0,2,0,2,2,3,1,1,0.0,0.046511627906976744,1,1
27,1,0,0,0,0,3.7639657428240807,0,20,0,0,0,0,0,0,0,2,1,0,0.0,0.0,1,1
16,1,0,0,0,0,3.327819531114783,1,8,0,0,0,0,0,0,0,2,1,0,0.0,0.0,1,0
46,1,0,0,0,0,3.9389129780226417,0,24,15,0,0,4,0,3,3,3,1,1,0.0,0.06521739130434782,1,1
37,0,0,0,0,0,4.033513500647141,1,23,0,0,0,0,8,0,0,2,0,0,0.21621621621621623,0.0,1,1
20,1,0,0,0,0,3.5219280948873624,1,12,0,0,0,0,0,0,0,2,1,0,0.0,0.0,1,0
19,1,0,0,0,0,3.8268748818646383,1,11,0,0,0,0,0,0,0,2,1,0,0.0,0.0,1,0
55,1,0,0,0,0,4.2812961959970615,0,32,16,0,0,3,0,3,3,3,1,1,0.0,0.05454545454545454,1,1
16,1,0,0,0,0,3.452819531114783,1,8,0,0,0,0,0,0,0,2,1,0,0.0,0.0,1,0
44,1,0,0,0,0,4.120934959783182,0,25,12,0,0,3,0,3,3,3,1,1,0.0,0.06818181818181818,1,1
41,1,0,0,0,0,4.104281809855787,0,28,6,0,0,2,0,2,2,3,1,1,0.0,0.04878048780487805,1,1
21,1,0,0,0,0,3.880179922675738,1,13,0,0,0,0,0,0,0,2,1,0,0.0,0.0,1,0
33,1,0,0,0,0,3.9344186501738876,1,24,1,0,0,0,0,1,1,3,1,0,0.0,0.030303030303030304,1,1
48,1,0,0,0,0,4.183746230592377,0,25,16,0,0,3,0,3,3,3,1,1,0.0,0.0625,1,1
18,1,0,0,0,0,3.683542362433231,1,10,0,0,0,0,0,0,0,2,1,0,0.0,0.0,1,0
31,1,0,0,0,0,3.953565664946428,1,22,1,0,0,0,0,1,1,3,1,0,0.0,0.03225806451612903,1,1
32,2,0,0,0,0,3.7723683589017414,0,24,1,0,1,0,1,3,3,3,2,0,0.03125,0.09375,1,1
29,1,0,0,0,0,3.8833374604210062,0,22,0,0,0,0,0,1,1,2,1,0,0.0,0.034482758620689655,1,1
22,1,0,0,0,0,3.8796640049025943,1,14,0,0,0,0,0,0,0,2,1,0,0.0,0.0,1,0
16,1,0,0,0,0,3.452819531114783,1,8,0,0,0,0,0,0,0,2,1,0,0.0,0.0,1,0
37,0,0,0,0,0,3.979459446593087,1,23,0,0,0,0,8,0,0,2,0,0,0.21621621621621623,0.0,1,1
53,2,0,0,0,0,4.211306484608411,1,21,24,0,1,1,0,2,2,5,2,0,0.0,0.03773584905660377,1,0
50,1,0,0,0,0,4.070952131492841,0,31,12,0,0,2,0,3,3,3,1,1,0.0,0.06,1,1
15,1,0,0,0,0,3.3735572622751855,1,7,0,0,0,0,0,0,0,2,1,0,0.0,0.0,1,0
24,1,0,0,0,0,4.0220552088742005,0,10,7,0,0,0,2,0,0,3,1,0,0.08333333333333333,0.0,1,1
19,1,0,0,0,0,3.8268748818646383,1,11,0,0,0,0,0,0,0,2,1,0,0.0,0.0,1,0
39,1,0,0,0,0,4.09656816818019,0,25,7,0,0,2,0,2,2,3,1,1,0.0,0.05128205128205128,1,1
43,2,0,0,0,0,4.08267318468309,1,13,22,0,1,0,0,1,1,4,2,0,0.0,0.023255813953488372,1,0
15,1,0,0,0,0,3.640223928941852,1,7,0,0,0,0,0,0,0,2,1,1,0.0,0.0,1,0
17,1,0,0,0,0,3.7345216647797517,1,9,0,0,0,0,0,0,0,2,1,0,0.0,0.0,1,0
19,1,0,0,0,0,3.6818808028034034,1,11,0,0,0,0,0,0,0,2,1,0,0.0,0.0,1,0
55,1,0,0,0,0,4.21566636918912,0,28,20,0,0,1,0,3,3,3,1,1,0.0,0.05454545454545454,1,1
17,1,0,0,0,0,3.7345216647797517,1,9,0,0,0,0,0,0,0,2,1,0,0.0,0.0,1,0
43,2,0,0,0,0,4.266397243517744,1,34,1,0,1,0,5,2,2,3,2,0,0.11627906976744186,0.046511627906976744,1,1
19,1,0,0,0,0,3.6818808028034034,1,11,0,0,0,0,0,0,0,2,1,0,0.0,0.0,1,0
38,1,0,0,0,0,4.260828171224456,0,25,6,0,0,3,0,2,2,3,1,1,0.0,0.05263157894736842,1,1
73,3,0,0,0,1,4.089602129056027,1,39,18,7,2,0,0,3,2,3,7,0,0.0,0.0410958904109589,1,1
16,1,0,0,0,0,3.327819531114783,1,8,0,0,0,0,0,0,0,2,1,0,0.0,0.0,1,0
17,1,0,0,0,0,3.499227547132693,0,10,0,0,0,0,1,0,0,2,1,0,0.058823529411764705,0.0,1,1
37,0,0,0,0,0,4.067165189777858,1,23,0,0,0,0,8,0,0,2,0,0,0.21621621621621623,0.0,1,1
19,1,0,0,0,0,3.8268748818646383,1,11,0,0,0,0,0,0,0,2,1,0,0.0,0.0,1,0
40,1,0,0,0,0,4.196439344671016,0,26,7,0,0,3,0,2,2,3,1,1,0.0,0.05,1,1
103,1,0,0,0,3,4.819005722367857,0,12,33,50,0,2,21,5,0,6,5,0,0.20388349514563106,0.04854368932038835,1,1
44,1,0,0,0,0,4.362507470762515,0,30,7,0,0,2,0,2,2,3,1,1,0.0,0.045454545454545456,1,1
40,1,0,0,0,0,4.008694969562842,0,27,6,0,0,2,0,2,2,3,1,1,0.0,0.05,1,1
61,1,0,0,0,0,4.248980265039104,0,34,20,0,0,2,0,3,3,3,1,1,0.0,0.04918032786885246,1,1
48,1,0,0,0,0,4.115601562950722,0,34,7,0,0,2,0,2,2,3,1,1,0.0,0.041666666666666664,1,1
51,2,0,0,0,1,4.282349793156181,1,18,10,14,1,0,0,2,0,3,2,0,0.0,0.0392156862745098,1,0
15,1,0,0,0,0,3.3735572622751855,1,7,0,0,0,0,0,0,0,2,1,0,0.0,0.0,1,0
17,1,0,0,0,0,3.7345216647797517,1,9,0,0,0,0,0,0,0,2,1,0,0.0,0.0,1,0
30,2,0,0,0,0,3.894739663055176,0,23,0,0,1,0,0,2,2,2,2,0,0.0,0.06666666666666667,1,1
25,1,0,0,0,0,3.783465189601647,1,17,0,0,0,0,0,0,0,2,1,0,0.0,0.0,1,0
56,1,0,0,0,0,4.0114901893738795,0,42,7,0,0,1,0,2,2,3,1,1,0.0,0.03571428571428571,1,1
19,1,0,0,0,0,3.7216117239699016,1,11,0,0,0,0,0,0,0,2,1,0,0.0,0.0,1,0
73,2,0,0,0,1,4.728931368275988,1,27,9,28,1,0,8,5,3,3,5,0,0.1095890410958904,0.0684931506849315,1,1
73,4,0,0,0,0,4.419161805918629,1,51,14,0,3,0,5,2,2,3,8,0,0.0684931506849315,0.0273972602739726,1,1
16,1,0,0,0,0,3.577819531114783,1,8,0,0,0,0,0,0,0,2,1,1,0.0,0.0,1,0
42,1,0,0,0,0,4.2344795541337445,0,28,7,0,0,2,0,2,2,3,1,1,0.0,0.047619047619047616,1,1
19,1,0,0,0,0,3.536886723742168,1,11,0,0,0,0,0,0,0,2,1,0,0.0,0.0,1,0
73,4,0,0,0,0,4.3079853963143355,1,50,15,0,3,0,5,2,2,3,8,0,0.0684931506849315,0.0273972602739726,1,1
21,1,0,0,0,0,3.6304126608739984,1,13,0,0,0,0,0,0,0,2,1,0,0.0,0.0,1,0
17,1,0,0,0,0,3.6901165175936654,1,9,0,0,0,0,0,0,0,2,1,0,0.0,0.0,1,0
17,1,0,0,0,0,3.7345216647797517,1,9,0,0,0,0,0,0,0,2,1,0,0.0,0.0,1,0
17,1,0,0,0,0,3.6168746059562222,1,9,0,0,0,0,0,0,0,2,1,0,0.0,0.0,1,0
42,2,0,0,0,0,4.094000160564931,0,25,10,0,1,1,2,0,0,3,3,0,0.047619047619047616,0.0,1,1
35,1,0,0,0,0,3.854163288856661,1,27,0,0,0,0,0,0,0,2,1,0,0.0,0.0,1,1
37,0,0,0,0,0,4.067165189777858,1,23,0,0,0,0,8,0,0,2,0,0,0.21621621621621623,0.0,1,1
18,1,0,0,0,0,3.836591668108979,1,10,0,0,0,0,0,0,0,2,1,0,0.0,0.0,1,0
